{
    "Accuracy": 0.7650046860356139,
    "Precision": {
        "Negative": 0.7837428702727544,
        "Neutral": 0.0,
        "Positive": 0.7488961702918758
    },
    "Recall": {
        "Negative": 0.7286183693856139,
        "Neutral": 0.0,
        "Positive": 0.8011609767618195
    }
}