{
    "Accuracy": 0.8466538918164588,
    "Precision": {
        "Negative": 0.7859672113787238,
        "Neutral": 0.9991757469793,
        "Positive": 0.75631232383524
    },
    "Recall": {
        "Negative": 0.7424350413884513,
        "Neutral": 1.0,
        "Positive": 0.7975260538623407
    }
}